{
  "browserName": "electron",
  "browserPath": "",
  "browserVersion": "118.0.5993.159",
  "config": {
    "projectRoot": "/home/crio-user/workspace/mayurdange15081996-ME_FE_BUILDOUT_XCRUISE/assessment",
    "projectName": "assessment",
    "configFile": "cypress.config.js",
    "isTextTerminal": true,
    "animationDistanceThreshold": 5,
    "arch": "x64",
    "baseUrl": null,
    "blockHosts": null,
    "chromeWebSecurity": true,
    "clientCertificates": [],
    "defaultCommandTimeout": 4000,
    "downloadsFolder": "/home/crio-user/workspace/mayurdange15081996-ME_FE_BUILDOUT_XCRUISE/assessment/cypress/downloads",
    "env": {},
    "execTimeout": 60000,
    "experimentalCspAllowList": false,
    "experimentalFetchPolyfill": false,
    "experimentalInteractiveRunEvents": false,
    "experimentalRunAllSpecs": false,
    "experimentalMemoryManagement": false,
    "experimentalModifyObstructiveThirdPartyCode": false,
    "experimentalSkipDomainInjection": null,
    "experimentalOriginDependencies": false,
    "experimentalSourceRewriting": false,
    "experimentalSingleTabRunMode": false,
    "experimentalStudio": false,
    "experimentalWebKitSupport": false,
    "fileServerFolder": "/home/crio-user/workspace/mayurdange15081996-ME_FE_BUILDOUT_XCRUISE/assessment",
    "fixturesFolder": "/home/crio-user/workspace/mayurdange15081996-ME_FE_BUILDOUT_XCRUISE/assessment/cypress/fixtures",
    "excludeSpecPattern": "*.hot-update.js",
    "includeShadowDom": false,
    "keystrokeDelay": 0,
    "modifyObstructiveCode": true,
    "numTestsKeptInMemory": 0,
    "platform": "linux",
    "pageLoadTimeout": 60000,
    "port": 33065,
    "projectId": null,
    "redirectionLimit": 20,
    "reporter": "spec",
    "reporterOptions": null,
    "requestTimeout": 5000,
    "resolvedNodePath": "/usr/bin/node",
    "resolvedNodeVersion": "16.20.2",
    "responseTimeout": 30000,
    "retries": {
      "runMode": 0,
      "openMode": 0
    },
    "screenshotOnRunFailure": true,
    "screenshotsFolder": "/home/crio-user/workspace/mayurdange15081996-ME_FE_BUILDOUT_XCRUISE/assessment/cypress/screenshots",
    "slowTestThreshold": 10000,
    "scrollBehavior": "top",
    "supportFile": "/home/crio-user/workspace/mayurdange15081996-ME_FE_BUILDOUT_XCRUISE/assessment/cypress/support/e2e.js",
    "taskTimeout": 60000,
    "testIsolation": true,
    "trashAssetsBeforeRuns": true,
    "userAgent": null,
    "video": false,
    "videoCompression": false,
    "videosFolder": "/home/crio-user/workspace/mayurdange15081996-ME_FE_BUILDOUT_XCRUISE/assessment/cypress/videos",
    "viewportHeight": 660,
    "viewportWidth": 1000,
    "waitForAnimations": true,
    "watchForFileChanges": false,
    "specPattern": "cypress/e2e/**/*.cy.{js,jsx,ts,tsx}",
    "browsers": [
      {
        "channel": "stable",
        "displayName": "Chrome",
        "family": "chromium",
        "majorVersion": "119",
        "name": "chrome",
        "path": "google-chrome",
        "version": "119.0.6045.159"
      },
      {
        "channel": "stable",
        "displayName": "Chromium",
        "family": "chromium",
        "majorVersion": "112",
        "name": "chromium",
        "path": "chromium-browser",
        "version": "112.0.5615.49"
      },
      {
        "channel": "stable",
        "displayName": "Electron",
        "family": "chromium",
        "majorVersion": 118,
        "name": "electron",
        "path": "",
        "version": "118.0.5993.159"
      }
    ],
    "cypressBinaryRoot": "/home/crio-user/.cache/Cypress/13.8.1/Cypress/resources/app",
    "hosts": null,
    "isInteractive": true,
    "version": "13.8.1",
    "testingType": "e2e",
    "browser": null,
    "cypressInternalEnv": "production"
  },
  "cypressVersion": "13.8.1",
  "endedTestsAt": "2024-04-28T13:05:40.708Z",
  "osName": "linux",
  "osVersion": "Ubuntu - ",
  "runs": [
    {
      "error": null,
      "reporter": "spec",
      "reporterStats": {
        "suites": 1,
        "tests": 12,
        "passes": 12,
        "pending": 0,
        "failures": 0,
        "start": "2024-04-28T13:05:18.483Z",
        "end": "2024-04-28T13:05:40.721Z",
        "duration": 22238
      },
      "screenshots": [],
      "spec": {
        "absolute": "/home/crio-user/workspace/mayurdange15081996-ME_FE_BUILDOUT_XCRUISE/assessment/cypress/e2e/spec.cy.js",
        "fileExtension": ".js",
        "fileName": "spec",
        "name": "spec.cy.js",
        "relative": "cypress/e2e/spec.cy.js"
      },
      "stats": {
        "duration": 22239,
        "endedAt": "2024-04-28T13:05:40.708Z",
        "failures": 0,
        "passes": 12,
        "pending": 0,
        "skipped": 0,
        "startedAt": "2024-04-28T13:05:18.469Z",
        "suites": 1,
        "tests": 12
      },
      "tests": [
        {
          "attempts": [
            {
              "state": "passed"
            }
          ],
          "displayError": null,
          "duration": 3851,
          "state": "passed",
          "title": [
            "xCruise Landing Page Tests",
            "Navigation Bar - should display the xCruise logo"
          ]
        },
        {
          "attempts": [
            {
              "state": "passed"
            }
          ],
          "displayError": null,
          "duration": 1572,
          "state": "passed",
          "title": [
            "xCruise Landing Page Tests",
            "Navigation Bar - should have links to Home, Destinations, and Deals"
          ]
        },
        {
          "attempts": [
            {
              "state": "passed"
            }
          ],
          "displayError": null,
          "duration": 1374,
          "state": "passed",
          "title": [
            "xCruise Landing Page Tests",
            "Navigation Bar - should have a background color of #000033"
          ]
        },
        {
          "attempts": [
            {
              "state": "passed"
            }
          ],
          "displayError": null,
          "duration": 1460,
          "state": "passed",
          "title": [
            "xCruise Landing Page Tests",
            "Hero Section - should display the main heading"
          ]
        },
        {
          "attempts": [
            {
              "state": "passed"
            }
          ],
          "displayError": null,
          "duration": 1223,
          "state": "passed",
          "title": [
            "xCruise Landing Page Tests",
            "Hero Section - should have a Book Now button"
          ]
        },
        {
          "attempts": [
            {
              "state": "passed"
            }
          ],
          "displayError": null,
          "duration": 1300,
          "state": "passed",
          "title": [
            "xCruise Landing Page Tests",
            "Hero Section - should display the hero image as a background"
          ]
        },
        {
          "attempts": [
            {
              "state": "passed"
            }
          ],
          "displayError": null,
          "duration": 1297,
          "state": "passed",
          "title": [
            "xCruise Landing Page Tests",
            "Discover Section - should display the heading \"DISCOVER OUR DESTINATIONS\""
          ]
        },
        {
          "attempts": [
            {
              "state": "passed"
            }
          ],
          "displayError": null,
          "duration": 1277,
          "state": "passed",
          "title": [
            "xCruise Landing Page Tests",
            "Discover Section - should display popular destinations with images"
          ]
        },
        {
          "attempts": [
            {
              "state": "passed"
            }
          ],
          "displayError": null,
          "duration": 1184,
          "state": "passed",
          "title": [
            "xCruise Landing Page Tests",
            "Discover Section - should have cards with a cursor pointer on hover"
          ]
        },
        {
          "attempts": [
            {
              "state": "passed"
            }
          ],
          "displayError": null,
          "duration": 1422,
          "state": "passed",
          "title": [
            "xCruise Landing Page Tests",
            "Discover Section - popular pills should have a shadow"
          ]
        },
        {
          "attempts": [
            {
              "state": "passed"
            }
          ],
          "displayError": null,
          "duration": 1695,
          "state": "passed",
          "title": [
            "xCruise Landing Page Tests",
            "Contact Us Section - should display the Contact Us section with correct information"
          ]
        },
        {
          "attempts": [
            {
              "state": "passed"
            }
          ],
          "displayError": null,
          "duration": 1272,
          "state": "passed",
          "title": [
            "xCruise Landing Page Tests",
            "Footer Section - should display the Footer section with all elements correctly"
          ]
        }
      ],
      "video": null
    }
  ],
  "startedTestsAt": "2024-04-28T13:05:18.469Z",
  "totalDuration": 22239,
  "totalFailed": 0,
  "totalPassed": 12,
  "totalPending": 0,
  "totalSkipped": 0,
  "totalSuites": 1,
  "totalTests": 12
}